.,integer,0.054545,ut,0.038182,nulla,0.030909,sed,0.085455,vestibulum,0.034545,suspendisse,0.036364,vivamus,0.020000,donec,0.067273,duis,0.030909,cras,0.029091,morbi,0.040000,phasellus,0.038182,fusce,0.047273,aliquam,0.029091,etiam,0.025455,nullam,0.043636,mauris,0.034545,quisque,0.038182,nam,0.032727,curabitur,0.036364,proin,0.029091,praesent,0.030909,pellentesque,0.030909,maecenas,0.021818,aenean,0.030909,nunc,0.016364,in,0.029091,class,0.010909,interdum,0.001818,lorem,0.003636,orci,0.001818
integer,viverra,0.033333,libero,0.033333,molestie,0.033333,porta,0.033333,felis,0.033333,blandit,0.033333,eget,0.066667,sagittis,0.033333,ullamcorper,0.033333,nec,0.133333,risus,0.033333,maximus,0.033333,non,0.066667,sollicitudin,0.033333,condimentum,0.033333,urna,0.033333,id,0.033333,vitae,0.033333,auctor,0.066667,in,0.066667,scelerisque,0.033333,vel,0.033333,ac,0.033333
viverra,orci,0.076923,risus,0.076923,nibh,0.076923,viverra,0.076923,dictum,0.076923,porttitor,0.076923,.,0.076923,libero,0.076923,magna,0.076923,ullamcorper,0.076923,consectetur,0.076923,at,0.076923,tellus,0.076923
orci,in,0.058824,sodales,0.029412,non,0.029412,eget,0.029412,odio,0.029412,sit,0.029412,lorem,0.029412,ac,0.058824,maximus,0.029412,et,0.029412,vestibulum,0.029412,commodo,0.029412,vehicula,0.029412,pretium,0.029412,ligula,0.029412,vel,0.029412,gravida,0.029412,luctus,0.058824,nibh,0.029412,molestie,0.029412,.,0.117647,quis,0.029412,at,0.029412,varius,0.029412,tempus,0.029412,a,0.029412,id,0.058824
in,felis,0.013514,tortor,0.013514,lacinia,0.027027,posuere,0.027027,dapibus,0.027027,fringilla,0.027027,dictum,0.013514,dignissim,0.013514,placerat,0.027027,eget,0.027027,mollis,0.027027,aliquam,0.027027,pharetra,0.013514,nisl,0.013514,tristique,0.013514,turpis,0.013514,tincidunt,0.013514,lacus,0.013514,pulvinar,0.027027,pellentesque,0.013514,risus,0.013514,pretium,0.027027,laoreet,0.027027,a,0.013514,eu,0.027027,leo,0.013514,blandit,0.013514,iaculis,0.013514,consectetur,0.013514,tempor,0.013514,efficitur,0.027027,velit,0.027027,lorem,0.027027,faucibus,0.040541,congue,0.013514,hac,0.040541,elit,0.013514,sem,0.013514,massa,0.013514,auctor,0.013514,diam,0.013514,scelerisque,0.013514,quis,0.040541,sed,0.013514,semper,0.013514,est,0.013514,sodales,0.013514,metus,0.040541,rutrum,0.013514,consequat,0.013514,lobortis,0.013514
felis,maximus,0.037037,et,0.037037,vitae,0.074074,turpis,0.037037,ut,0.074074,lectus,0.074074,fringilla,0.037037,in,0.074074,ornare,0.037037,a,0.111111,.,0.111111,metus,0.037037,sagittis,0.037037,tortor,0.037037,scelerisque,0.037037,faucibus,0.037037,id,0.037037,at,0.037037,non,0.037037
maximus,vulputate,0.038462,.,0.076923,turpis,0.038462,massa,0.038462,eget,0.038462,purus,0.038462,molestie,0.038462,pellentesque,0.038462,dui,0.038462,vitae,0.038462,odio,0.038462,metus,0.038462,sed,0.038462,tempor,0.038462,lacus,0.038462,fermentum,0.038462,enim,0.076923,ultricies,0.038462,nisl,0.038462,neque,0.038462,risus,0.038462,erat,0.038462,cursus,0.038462,nisi,0.038462
vulputate,fermentum,0.037037,dolor,0.037037,ut,0.037037,odio,0.037037,tristique,0.037037,nec,0.037037,feugiat,0.074074,iaculis,0.037037,velit,0.037037,.,0.037037,purus,0.037037,arcu,0.037037,orci,0.074074,elit,0.037037,libero,0.037037,quam,0.037037,urna,0.037037,enim,0.037037,vehicula,0.037037,ac,0.037037,nunc,0.037037,non,0.037037,eros,0.037037,pharetra,0.037037,justo,0.037037
fermentum,turpis,0.043478,hendrerit,0.043478,eget,0.043478,ipsum,0.043478,felis,0.086957,vitae,0.043478,.,0.130435,libero,0.043478,ac,0.043478,orci,0.043478,enim,0.043478,leo,0.043478,purus,0.043478,pretium,0.043478,arcu,0.043478,vehicula,0.043478,venenatis,0.043478,a,0.043478,lacus,0.043478,pulvinar,0.043478
turpis,bibendum,0.074074,congue,0.037037,semper,0.037037,gravida,0.037037,egestas,0.111111,vitae,0.074074,.,0.111111,blandit,0.037037,convallis,0.037037,at,0.037037,sodales,0.037037,ullamcorper,0.037037,dignissim,0.037037,a,0.037037,tellus,0.037037,volutpat,0.037037,consequat,0.037037,mi,0.037037,nec,0.037037,velit,0.037037,ultrices,0.037037
bibendum,.,0.185185,urna,0.037037,felis,0.037037,neque,0.037037,ipsum,0.037037,egestas,0.037037,magna,0.037037,a,0.037037,sapien,0.037037,quis,0.037037,iaculis,0.037037,libero,0.037037,sem,0.037037,et,0.037037,metus,0.037037,augue,0.074074,leo,0.037037,quam,0.037037,enim,0.037037,eros,0.037037,finibus,0.037037,vel,0.037037
ut,porta,0.026667,eget,0.013333,enim,0.026667,neque,0.040000,ultrices,0.013333,imperdiet,0.013333,lectus,0.026667,lobortis,0.026667,lacinia,0.013333,eleifend,0.026667,ornare,0.013333,sapien,0.026667,pulvinar,0.013333,et,0.013333,semper,0.026667,in,0.013333,.,0.080000,vehicula,0.026667,luctus,0.013333,porttitor,0.013333,maximus,0.013333,elementum,0.026667,sem,0.013333,fermentum,0.013333,pretium,0.013333,facilisis,0.013333,sodales,0.013333,eros,0.013333,tortor,0.013333,ut,0.013333,congue,0.013333,finibus,0.013333,id,0.013333,eu,0.013333,arcu,0.013333,tellus,0.013333,dignissim,0.026667,rutrum,0.026667,varius,0.013333,quam,0.013333,malesuada,0.013333,accumsan,0.013333,dapibus,0.013333,euismod,0.013333,aliquam,0.026667,bibendum,0.013333,molestie,0.026667,erat,0.013333,justo,0.013333,diam,0.013333,ipsum,0.013333,efficitur,0.013333,sit,0.013333,nec,0.013333,posuere,0.013333
porta,gravida,0.033333,eget,0.033333,tortor,0.033333,mauris,0.033333,semper,0.033333,.,0.200000,vitae,0.033333,lacus,0.033333,feugiat,0.033333,consectetur,0.033333,a,0.033333,magna,0.033333,ut,0.033333,purus,0.033333,justo,0.033333,egestas,0.033333,risus,0.033333,ultricies,0.033333,ipsum,0.033333,velit,0.033333,libero,0.033333,enim,0.033333,faucibus,0.033333,ex,0.033333,nisl,0.033333
gravida,augue,0.066667,ut,0.066667,vulputate,0.066667,ultrices,0.066667,nulla,0.066667,dapibus,0.066667,magna,0.066667,libero,0.066667,vel,0.066667,nibh,0.066667,vestibulum,0.066667,ligula,0.066667,metus,0.066667,interdum,0.066667,hendrerit,0.066667
augue,eget,0.038462,lacus,0.038462,.,0.230769,neque,0.038462,sed,0.038462,eu,0.076923,efficitur,0.038462,pretium,0.038462,pulvinar,0.038462,odio,0.038462,interdum,0.038462,et,0.038462,massa,0.038462,ut,0.038462,mauris,0.038462,cursus,0.038462,luctus,0.038462,nec,0.038462,est,0.038462,blandit,0.038462
eget,tempor,0.018868,mauris,0.018868,convallis,0.018868,velit,0.018868,.,0.075472,congue,0.018868,rutrum,0.018868,varius,0.018868,dignissim,0.018868,tellus,0.037736,porttitor,0.018868,odio,0.056604,bibendum,0.018868,efficitur,0.018868,quam,0.018868,massa,0.018868,sagittis,0.037736,nunc,0.037736,faucibus,0.018868,turpis,0.018868,rhoncus,0.018868,dolor,0.018868,gravida,0.018868,pretium,0.018868,elit,0.018868,sollicitudin,0.018868,mattis,0.018868,et,0.018868,sodales,0.018868,enim,0.018868,nisl,0.018868,lacus,0.018868,placerat,0.018868,tortor,0.018868,augue,0.018868,risus,0.018868,nibh,0.018868,lorem,0.018868,malesuada,0.018868,volutpat,0.018868,tempus,0.018868,ante,0.018868,laoreet,0.018868,cursus,0.018868,sem,0.018868
tempor,leo,0.090909,nulla,0.045455,tellus,0.045455,neque,0.045455,ultricies,0.045455,vel,0.090909,venenatis,0.045455,.,0.045455,sit,0.045455,vitae,0.045455,laoreet,0.045455,id,0.045455,augue,0.045455,finibus,0.045455,vulputate,0.045455,odio,0.045455,lacus,0.045455,arcu,0.045455,nisl,0.045455,sem,0.045455
leo,lacinia,0.029412,sit,0.029412,id,0.058824,pellentesque,0.029412,a,0.088235,non,0.058824,vitae,0.058824,.,0.235294,luctus,0.058824,nisl,0.029412,elementum,0.029412,elit,0.029412,nunc,0.029412,semper,0.029412,urna,0.029412,quis,0.029412,ut,0.029412,feugiat,0.029412,ac,0.029412,neque,0.029412,nec,0.029412
lacinia,et,0.052632,.,0.210526,convallis,0.052632,ipsum,0.052632,metus,0.157895,diam,0.105263,eget,0.052632,nec,0.052632,sed,0.052632,justo,0.052632,leo,0.052632,magna,0.052632,lorem,0.052632
et,.,0.116667,convallis,0.016667,lectus,0.016667,volutpat,0.016667,ex,0.033333,venenatis,0.016667,posuere,0.016667,netus,0.050000,malesuada,0.083333,dictum,0.016667,viverra,0.016667,scelerisque,0.016667,laoreet,0.033333,justo,0.016667,quam,0.016667,efficitur,0.016667,mauris,0.016667,elit,0.016667,turpis,0.016667,consequat,0.016667,faucibus,0.016667,sollicitudin,0.016667,libero,0.016667,iaculis,0.016667,orci,0.016667,metus,0.033333,rutrum,0.016667,tincidunt,0.016667,pharetra,0.033333,suscipit,0.016667,ultrices,0.033333,aliquet,0.016667,eros,0.016667,porta,0.016667,congue,0.016667,nulla,0.016667,massa,0.016667,magnis,0.016667,magna,0.016667,tellus,0.016667,lorem,0.016667,vehicula,0.016667,tristique,0.016667
nulla,cursus,0.027027,.,0.081081,a,0.027027,eu,0.027027,orci,0.027027,consectetur,0.054054,molestie,0.027027,malesuada,0.027027,suscipit,0.027027,sit,0.081081,facilisi,0.135135,dapibus,0.027027,et,0.027027,mollis,0.027027,imperdiet,0.027027,egestas,0.054054,ut,0.027027,iaculis,0.027027,nec,0.054054,sed,0.027027,vel,0.027027,vitae,0.027027,quam,0.027027,facilisis,0.027027,porttitor,0.027027,dictum,0.027027
cursus,non,0.066667,.,0.133333,leo,0.066667,magna,0.066667,et,0.066667,tellus,0.066667,nibh,0.133333,a,0.066667,nec,0.066667,feugiat,0.066667,maximus,0.066667,mauris,0.066667,ex,0.066667
non,sapien,0.030303,ante,0.030303,sem,0.015152,posuere,0.030303,nunc,0.030303,faucibus,0.015152,ex,0.015152,dui,0.030303,aliquet,0.030303,lorem,0.015152,pulvinar,0.030303,felis,0.015152,justo,0.015152,mattis,0.015152,vestibulum,0.015152,mauris,0.015152,quam,0.015152,non,0.015152,enim,0.045455,tincidunt,0.015152,egestas,0.015152,turpis,0.015152,dictum,0.015152,interdum,0.015152,.,0.045455,ullamcorper,0.015152,cursus,0.015152,facilisis,0.030303,molestie,0.015152,sollicitudin,0.015152,hendrerit,0.015152,risus,0.015152,euismod,0.015152,congue,0.015152,mollis,0.030303,est,0.015152,metus,0.015152,rutrum,0.015152,magna,0.015152,gravida,0.015152,nibh,0.015152,lobortis,0.015152,accumsan,0.015152,eget,0.015152,scelerisque,0.030303,vehicula,0.015152,odio,0.015152,varius,0.015152,vulputate,0.015152,laoreet,0.015152,rhoncus,0.015152,ornare,0.015152
sapien,nec,0.037037,dapibus,0.074074,consequat,0.037037,eget,0.111111,suscipit,0.037037,.,0.185185,quis,0.037037,sit,0.111111,blandit,0.037037,in,0.037037,eu,0.037037,tellus,0.037037,mi,0.037037,hendrerit,0.037037,vitae,0.037037,dictum,0.037037,et,0.037037,tempus,0.037037
nec,sollicitudin,0.015152,erat,0.030303,ullamcorper,0.015152,sit,0.015152,libero,0.030303,dictum,0.015152,mattis,0.015152,malesuada,0.015152,aliquam,0.015152,.,0.090909,ligula,0.030303,elementum,0.030303,ultricies,0.030303,finibus,0.015152,rhoncus,0.030303,non,0.015152,neque,0.015152,dolor,0.015152,urna,0.030303,dapibus,0.015152,leo,0.015152,lorem,0.015152,vestibulum,0.015152,congue,0.015152,arcu,0.015152,varius,0.015152,tortor,0.015152,risus,0.030303,rutrum,0.030303,nisi,0.015152,metus,0.030303,maximus,0.030303,convallis,0.015152,hendrerit,0.015152,mauris,0.015152,justo,0.015152,tellus,0.015152,orci,0.015152,nibh,0.015152,odio,0.015152,ornare,0.015152,bibendum,0.015152,diam,0.015152,feugiat,0.015152,condimentum,0.015152,sapien,0.015152,pharetra,0.015152,posuere,0.015152,eros,0.015152,porttitor,0.015152
sollicitudin,.,0.173913,nunc,0.130435,dui,0.043478,tortor,0.043478,scelerisque,0.043478,ex,0.043478,lacus,0.043478,turpis,0.043478,gravida,0.043478,nisl,0.043478,ut,0.043478,lacinia,0.043478,dignissim,0.043478,ligula,0.043478,metus,0.043478,semper,0.043478,quam,0.043478,urna,0.043478
mauris,at,0.044444,eu,0.044444,sed,0.022222,nec,0.044444,semper,0.022222,a,0.022222,.,0.133333,maximus,0.044444,suscipit,0.022222,ultricies,0.022222,vel,0.066667,tincidunt,0.022222,scelerisque,0.022222,sit,0.022222,nunc,0.022222,eget,0.044444,non,0.022222,vitae,0.022222,orci,0.022222,diam,0.022222,dictum,0.044444,vestibulum,0.022222,nibh,0.022222,facilisis,0.022222,in,0.044444,commodo,0.022222,sodales,0.022222,dapibus,0.022222,ac,0.022222,quis,0.022222,fringilla,0.022222
at,risus,0.040816,tempus,0.020408,.,0.163265,augue,0.040816,sem,0.040816,faucibus,0.020408,suscipit,0.020408,metus,0.020408,leo,0.040816,nisl,0.020408,interdum,0.020408,lorem,0.020408,consectetur,0.020408,semper,0.020408,varius,0.020408,sollicitudin,0.020408,quam,0.040816,dolor,0.040816,vestibulum,0.020408,ante,0.020408,imperdiet,0.020408,tortor,0.020408,libero,0.020408,egestas,0.020408,nunc,0.040816,consequat,0.020408,magna,0.040816,purus,0.020408,pulvinar,0.020408,sapien,0.020408,convallis,0.020408,ultricies,0.020408,pharetra,0.020408,rutrum,0.020408
risus,malesuada,0.025641,et,0.025641,tristique,0.025641,nec,0.051282,pretium,0.025641,commodo,0.025641,justo,0.025641,non,0.051282,.,0.230769,fringilla,0.025641,lobortis,0.025641,sollicitudin,0.051282,quis,0.051282,facilisis,0.025641,dui,0.025641,tellus,0.025641,diam,0.025641,metus,0.025641,vel,0.025641,sit,0.025641,efficitur,0.025641,tempus,0.051282,lacus,0.025641,a,0.025641,purus,0.025641,nisi,0.025641
malesuada,fringilla,0.034483,at,0.034483,metus,0.034483,neque,0.034483,fames,0.137931,.,0.172414,et,0.034483,dolor,0.034483,tincidunt,0.034483,ante,0.034483,a,0.068966,tellus,0.034483,arcu,0.034483,posuere,0.034483,fermentum,0.034483,lorem,0.034483,sem,0.034483,dui,0.034483,nibh,0.034483,odio,0.034483,auctor,0.034483
fringilla,.,0.083333,in,0.041667,nibh,0.041667,sit,0.041667,risus,0.041667,efficitur,0.041667,at,0.041667,pharetra,0.041667,elit,0.041667,et,0.083333,lobortis,0.041667,massa,0.041667,dolor,0.041667,arcu,0.041667,ante,0.041667,iaculis,0.041667,mauris,0.041667,nunc,0.041667,dictum,0.041667,elementum,0.041667,sollicitudin,0.041667,nulla,0.041667
sed,mattis,0.012195,venenatis,0.036585,justo,0.012195,nec,0.012195,arcu,0.012195,eros,0.024390,elementum,0.024390,sodales,0.012195,in,0.024390,ante,0.012195,dui,0.012195,non,0.036585,semper,0.012195,viverra,0.012195,efficitur,0.024390,rutrum,0.012195,molestie,0.012195,imperdiet,0.024390,maximus,0.048780,orci,0.012195,urna,0.012195,eleifend,0.012195,sagittis,0.012195,vulputate,0.024390,eget,0.012195,bibendum,0.012195,.,0.024390,porta,0.024390,dignissim,0.012195,lacus,0.012195,luctus,0.012195,libero,0.012195,posuere,0.012195,varius,0.036585,pharetra,0.012195,lacinia,0.012195,augue,0.012195,volutpat,0.012195,massa,0.012195,rhoncus,0.012195,feugiat,0.012195,risus,0.012195,sit,0.024390,et,0.012195,nisi,0.024390,fringilla,0.012195,metus,0.012195,vehicula,0.012195,tristique,0.012195,auctor,0.012195,tortor,0.012195,nulla,0.012195,nibh,0.012195,dapibus,0.012195,eu,0.012195,ullamcorper,0.012195,ultricies,0.012195,turpis,0.012195,consectetur,0.012195,elit,0.012195,a,0.012195,convallis,0.012195,tempor,0.012195
mattis,massa,0.142857,.,0.214286,tempus,0.071429,odio,0.071429,orci,0.071429,non,0.071429,sem,0.071429,lectus,0.071429,nulla,0.071429,auctor,0.142857
massa,ut,0.037037,euismod,0.037037,semper,0.037037,.,0.259259,eros,0.037037,lacinia,0.037037,velit,0.037037,tortor,0.037037,placerat,0.037037,mollis,0.037037,sed,0.037037,sollicitudin,0.037037,sem,0.037037,a,0.037037,eget,0.037037,vitae,0.037037,facilisis,0.037037,laoreet,0.037037,suscipit,0.037037,nec,0.037037,id,0.037037
enim,feugiat,0.031250,.,0.218750,ante,0.031250,et,0.031250,luctus,0.031250,risus,0.031250,leo,0.031250,imperdiet,0.062500,dui,0.031250,commodo,0.031250,at,0.031250,placerat,0.031250,eu,0.031250,malesuada,0.031250,ac,0.031250,ultricies,0.031250,vel,0.031250,quis,0.031250,id,0.031250,laoreet,0.031250,nec,0.031250,tortor,0.031250,bibendum,0.031250,erat,0.031250,auctor,0.031250
feugiat,vitae,0.040000,.,0.160000,nibh,0.040000,diam,0.040000,nunc,0.040000,dictum,0.040000,bibendum,0.080000,ultrices,0.040000,leo,0.080000,elit,0.040000,eget,0.040000,faucibus,0.040000,a,0.040000,enim,0.040000,ut,0.040000,ex,0.040000,quis,0.040000,tempus,0.080000,erat,0.040000
vitae,tincidunt,0.016949,consequat,0.016949,venenatis,0.016949,nulla,0.016949,dignissim,0.016949,orci,0.016949,sapien,0.033898,ultrices,0.033898,pellentesque,0.016949,nisl,0.033898,aliquam,0.016949,magna,0.016949,maximus,0.016949,condimentum,0.016949,facilisis,0.016949,lacinia,0.033898,semper,0.016949,mi,0.016949,est,0.033898,fermentum,0.016949,lacus,0.033898,placerat,0.016949,lobortis,0.033898,dui,0.016949,eleifend,0.033898,libero,0.016949,interdum,0.033898,rutrum,0.016949,eget,0.016949,.,0.016949,malesuada,0.016949,neque,0.016949,augue,0.016949,auctor,0.016949,eros,0.016949,ante,0.016949,fringilla,0.016949,iaculis,0.016949,nibh,0.033898,euismod,0.016949,mattis,0.016949,accumsan,0.016949,faucibus,0.016949,aliquet,0.016949,elementum,0.016949,diam,0.033898,mollis,0.016949,posuere,0.016949
tincidunt,diam,0.028571,mi,0.057143,convallis,0.028571,nisi,0.057143,pellentesque,0.028571,dolor,0.085714,eget,0.028571,commodo,0.028571,lorem,0.028571,sed,0.057143,.,0.142857,tortor,0.028571,purus,0.028571,nec,0.057143,tincidunt,0.028571,vitae,0.028571,dignissim,0.028571,eros,0.028571,erat,0.028571,quam,0.028571,ante,0.028571,mauris,0.028571,turpis,0.028571,elit,0.028571,leo,0.028571
diam,ullamcorper,0.031250,nec,0.031250,.,0.250000,eu,0.062500,vitae,0.062500,in,0.093750,facilisis,0.031250,ante,0.031250,fermentum,0.031250,turpis,0.031250,ex,0.031250,dictum,0.031250,tempor,0.031250,eget,0.062500,vehicula,0.031250,malesuada,0.031250,sed,0.031250,orci,0.031250,ut,0.031250,consequat,0.031250
ullamcorper,.,0.166667,eros,0.111111,vel,0.111111,vehicula,0.055556,risus,0.055556,eleifend,0.055556,nunc,0.055556,metus,0.055556,id,0.055556,gravida,0.055556,suscipit,0.055556,enim,0.055556,tempus,0.055556,porta,0.055556
vestibulum,aliquam,0.027778,nisl,0.027778,tristique,0.055556,lobortis,0.027778,viverra,0.027778,sit,0.083333,imperdiet,0.027778,maximus,0.027778,efficitur,0.055556,cursus,0.055556,iaculis,0.027778,tellus,0.027778,ligula,0.027778,ut,0.027778,placerat,0.027778,erat,0.027778,lectus,0.027778,ante,0.055556,rhoncus,0.027778,.,0.055556,velit,0.027778,consectetur,0.027778,elementum,0.027778,nunc,0.027778,eget,0.027778,sed,0.027778,odio,0.027778,tincidunt,0.027778,nec,0.027778
aliquam,est,0.058824,erat,0.117647,nisi,0.029412,nec,0.029412,sapien,0.029412,at,0.029412,sed,0.029412,turpis,0.029412,et,0.029412,ac,0.029412,velit,0.058824,a,0.029412,purus,0.029412,consectetur,0.029412,ligula,0.029412,lectus,0.029412,varius,0.029412,vehicula,0.029412,quis,0.029412,arcu,0.029412,scelerisque,0.029412,egestas,0.029412,finibus,0.029412,sit,0.058824,ultrices,0.029412,eu,0.029412,vel,0.029412,mi,0.029412
est,sit,0.058824,bibendum,0.058824,eu,0.117647,vestibulum,0.058824,ut,0.058824,ac,0.058824,et,0.058824,non,0.058824,.,0.294118,commodo,0.058824,leo,0.058824,lectus,0.058824
sit,amet,1
amet,orci,0.022222,diam,0.022222,imperdiet,0.066667,ligula,0.022222,tellus,0.022222,metus,0.022222,tristique,0.044444,dapibus,0.066667,luctus,0.022222,auctor,0.022222,facilisis,0.044444,tempus,0.022222,libero,0.044444,condimentum,0.022222,malesuada,0.022222,elit,0.022222,lectus,0.044444,tincidunt,0.044444,sodales,0.022222,rutrum,0.022222,tortor,0.022222,molestie,0.022222,urna,0.022222,nisl,0.022222,laoreet,0.022222,consectetur,0.044444,ex,0.022222,massa,0.022222,maximus,0.022222,pharetra,0.022222,purus,0.022222,lorem,0.022222,leo,0.022222,nibh,0.022222,finibus,0.022222
sodales,pellentesque,0.062500,nisi,0.062500,.,0.125000,nunc,0.062500,ac,0.062500,at,0.062500,sodales,0.062500,venenatis,0.062500,dictum,0.062500,feugiat,0.062500,augue,0.062500,a,0.062500,pretium,0.062500,diam,0.062500,tortor,0.062500
pellentesque,.,0.162162,habitant,0.081081,ornare,0.027027,tincidunt,0.027027,dui,0.027027,at,0.027027,luctus,0.027027,et,0.027027,molestie,0.027027,a,0.027027,eget,0.027027,tortor,0.027027,consectetur,0.027027,laoreet,0.027027,eros,0.027027,varius,0.027027,nec,0.027027,ultricies,0.027027,fringilla,0.027027,ligula,0.027027,ut,0.054054,nunc,0.027027,cursus,0.027027,pretium,0.027027,diam,0.027027,sed,0.027027,quis,0.027027,ante,0.027027,vel,0.027027
suspendisse,tristique,0.050000,in,0.050000,tincidunt,0.050000,tortor,0.050000,scelerisque,0.050000,at,0.050000,quis,0.100000,potenti,0.100000,non,0.050000,aliquam,0.050000,porttitor,0.050000,elementum,0.050000,pellentesque,0.050000,et,0.050000,maximus,0.050000,posuere,0.050000,a,0.050000,vel,0.050000
tristique,augue,0.045455,eget,0.045455,interdum,0.045455,senectus,0.136364,dolor,0.045455,.,0.045455,risus,0.045455,tellus,0.045455,non,0.045455,diam,0.045455,mollis,0.045455,nisi,0.045455,ex,0.045455,lacinia,0.045455,volutpat,0.045455,ipsum,0.090909,fermentum,0.045455,hendrerit,0.045455,leo,0.045455
lacus,at,0.045455,est,0.045455,commodo,0.045455,in,0.045455,ultrices,0.045455,eu,0.045455,nec,0.045455,pretium,0.045455,ut,0.045455,rutrum,0.045455,mauris,0.045455,non,0.045455,vel,0.045455,laoreet,0.090909,.,0.181818,id,0.045455,et,0.045455,hendrerit,0.045455
tempus,magna,0.038462,.,0.269231,at,0.038462,ex,0.038462,nisl,0.038462,odio,0.038462,enim,0.038462,porta,0.038462,ante,0.038462,nec,0.038462,dui,0.038462,porttitor,0.038462,cursus,0.038462,hendrerit,0.038462,aliquam,0.038462,sagittis,0.038462,metus,0.038462,ut,0.038462,quis,0.038462,vestibulum,0.038462
magna,ultrices,0.032258,rhoncus,0.032258,nec,0.032258,.,0.193548,lacus,0.032258,diam,0.032258,eu,0.064516,sapien,0.064516,odio,0.032258,porta,0.032258,quis,0.032258,sed,0.064516,id,0.032258,non,0.032258,eleifend,0.032258,felis,0.032258,sagittis,0.032258,risus,0.032258,vitae,0.032258,neque,0.032258,in,0.032258,vel,0.032258,mollis,0.032258
ultrices,at,0.035714,condimentum,0.035714,neque,0.035714,malesuada,0.035714,vestibulum,0.035714,nisl,0.035714,.,0.214286,arcu,0.035714,ex,0.035714,nunc,0.035714,pulvinar,0.035714,nec,0.035714,non,0.035714,tincidunt,0.071429,posuere,0.071429,vulputate,0.035714,ullamcorper,0.035714,iaculis,0.035714,velit,0.035714,luctus,0.035714,scelerisque,0.035714
venenatis,vulputate,0.045455,vestibulum,0.045455,sapien,0.045455,risus,0.045455,.,0.272727,nec,0.090909,tincidunt,0.045455,ut,0.045455,tellus,0.045455,ligula,0.045455,leo,0.045455,neque,0.045455,porttitor,0.045455,scelerisque,0.045455,nulla,0.045455,felis,0.045455
dolor,.,0.142857,fermentum,0.057143,turpis,0.028571,vitae,0.028571,eu,0.028571,sit,0.114286,sed,0.028571,in,0.057143,at,0.057143,non,0.057143,a,0.028571,id,0.028571,mi,0.028571,nibh,0.028571,bibendum,0.028571,porta,0.028571,pharetra,0.057143,ac,0.028571,quis,0.028571,metus,0.028571,enim,0.028571,viverra,0.028571,vel,0.028571
libero,turpis,0.032258,et,0.064516,rutrum,0.032258,urna,0.032258,mattis,0.032258,.,0.193548,ac,0.064516,est,0.032258,elit,0.032258,tempus,0.032258,pretium,0.032258,odio,0.032258,molestie,0.032258,euismod,0.032258,sed,0.032258,hendrerit,0.032258,ante,0.032258,maximus,0.032258,eget,0.032258,faucibus,0.032258,ut,0.032258,in,0.032258,tellus,0.032258,enim,0.032258
congue,vitae,0.050000,feugiat,0.050000,eleifend,0.050000,dui,0.050000,justo,0.050000,convallis,0.050000,molestie,0.050000,elementum,0.050000,mi,0.050000,varius,0.050000,tempor,0.050000,ante,0.050000,risus,0.050000,sagittis,0.050000,.,0.050000,nisl,0.050000,non,0.050000,venenatis,0.050000,urna,0.050000,fringilla,0.050000
consequat,id,0.045455,varius,0.045455,ligula,0.045455,interdum,0.045455,enim,0.045455,lectus,0.045455,dignissim,0.090909,ac,0.045455,massa,0.045455,tortor,0.045455,elementum,0.045455,augue,0.045455,.,0.136364,eget,0.045455,luctus,0.045455,ipsum,0.045455,lobortis,0.045455,mauris,0.045455,non,0.045455
id,faucibus,0.017544,dapibus,0.017544,elit,0.017544,laoreet,0.017544,sit,0.017544,eleifend,0.017544,neque,0.017544,a,0.017544,tincidunt,0.035088,egestas,0.017544,pharetra,0.017544,purus,0.017544,mauris,0.052632,odio,0.017544,.,0.052632,semper,0.017544,volutpat,0.035088,magna,0.017544,iaculis,0.035088,tempor,0.017544,ipsum,0.017544,vulputate,0.052632,pulvinar,0.017544,fermentum,0.017544,lorem,0.035088,augue,0.017544,lobortis,0.017544,orci,0.017544,nisi,0.017544,efficitur,0.017544,consequat,0.017544,auctor,0.017544,quam,0.017544,molestie,0.017544,ultrices,0.017544,interdum,0.017544,massa,0.017544,vestibulum,0.017544,diam,0.017544,nulla,0.017544,scelerisque,0.017544,aliquet,0.017544,nunc,0.017544,aliquam,0.017544,sem,0.017544,urna,0.017544,venenatis,0.017544
faucibus,ut,0.055556,aliquam,0.055556,purus,0.111111,ultricies,0.055556,orci,0.111111,varius,0.055556,ante,0.055556,.,0.222222,et,0.055556,malesuada,0.055556,mollis,0.055556,tempor,0.055556,sem,0.055556
neque,.,0.409091,in,0.045455,et,0.045455,non,0.090909,turpis,0.045455,ultricies,0.045455,euismod,0.045455,blandit,0.045455,orci,0.045455,tincidunt,0.045455,vitae,0.090909,viverra,0.045455
condimentum,libero,0.062500,nulla,0.125000,diam,0.062500,lacus,0.062500,aliquet,0.062500,mauris,0.125000,eu,0.062500,in,0.062500,eros,0.062500,.,0.062500,nisi,0.062500,ante,0.062500,feugiat,0.062500,consequat,0.062500
convallis,elit,0.058824,auctor,0.058824,ipsum,0.058824,felis,0.058824,tempus,0.058824,augue,0.058824,.,0.117647,erat,0.058824,mattis,0.058824,lectus,0.058824,urna,0.058824,molestie,0.058824,massa,0.058824,tortor,0.058824,neque,0.058824,eu,0.058824
elit,malesuada,0.041667,auctor,0.041667,vulputate,0.041667,felis,0.041667,id,0.083333,in,0.041667,vitae,0.041667,quam,0.041667,pellentesque,0.041667,accumsan,0.041667,lacus,0.041667,eu,0.041667,ultrices,0.041667,.,0.166667,egestas,0.041667,non,0.041667,eget,0.041667,porttitor,0.041667,consectetur,0.041667,at,0.041667
tortor,rhoncus,0.028571,ac,0.028571,semper,0.028571,eu,0.028571,nec,0.057143,justo,0.028571,gravida,0.028571,in,0.028571,.,0.314286,bibendum,0.028571,laoreet,0.028571,ut,0.085714,commodo,0.028571,tempor,0.057143,eget,0.057143,nibh,0.028571,tristique,0.028571,pretium,0.028571,lectus,0.028571,tincidunt,0.028571
rhoncus,finibus,0.066667,.,0.200000,nulla,0.066667,enim,0.066667,felis,0.066667,dolor,0.066667,sagittis,0.066667,est,0.066667,eu,0.066667,interdum,0.066667,ac,0.066667,vitae,0.066667,pulvinar,0.066667
finibus,tortor,0.050000,cursus,0.050000,id,0.150000,feugiat,0.050000,metus,0.050000,.,0.100000,purus,0.050000,dui,0.050000,dolor,0.050000,diam,0.050000,eros,0.050000,ex,0.050000,molestie,0.050000,neque,0.050000,ac,0.050000,sed,0.050000,mauris,0.050000
ac,iaculis,0.019608,turpis,0.058824,.,0.039216,posuere,0.019608,ultricies,0.019608,justo,0.039216,placerat,0.019608,euismod,0.019608,varius,0.019608,risus,0.019608,accumsan,0.019608,ultrices,0.039216,egestas,0.019608,mi,0.019608,nibh,0.019608,ut,0.019608,odio,0.019608,feugiat,0.019608,tincidunt,0.039216,ipsum,0.019608,a,0.019608,urna,0.019608,dui,0.019608,felis,0.039216,imperdiet,0.019608,arcu,0.019608,sagittis,0.019608,rhoncus,0.019608,lacinia,0.019608,ante,0.019608,blandit,0.019608,sodales,0.019608,maximus,0.019608,commodo,0.019608,orci,0.019608,erat,0.019608,sollicitudin,0.019608,tempus,0.019608,interdum,0.019608,ex,0.019608,lobortis,0.019608,molestie,0.019608,sapien,0.019608,porta,0.019608
iaculis,nulla,0.041667,arcu,0.041667,nisi,0.041667,ligula,0.083333,egestas,0.041667,.,0.166667,in,0.041667,neque,0.041667,purus,0.041667,vulputate,0.041667,libero,0.083333,scelerisque,0.041667,augue,0.041667,urna,0.041667,eleifend,0.041667,at,0.041667,turpis,0.041667,velit,0.041667,et,0.041667
vivamus,nec,0.083333,eu,0.083333,sit,0.083333,consequat,0.083333,ornare,0.083333,in,0.083333,nisl,0.083333,pulvinar,0.083333,id,0.083333,accumsan,0.083333,porta,0.083333,sagittis,0.083333
erat,quis,0.047619,volutpat,0.190476,dolor,0.047619,diam,0.047619,eu,0.047619,nec,0.047619,ultricies,0.047619,.,0.095238,tempus,0.047619,mollis,0.047619,viverra,0.047619,erat,0.047619,rhoncus,0.047619,a,0.047619,eget,0.047619,in,0.047619,convallis,0.047619
quis,dolor,0.041667,bibendum,0.020833,nisi,0.020833,justo,0.020833,lacus,0.020833,lectus,0.041667,sagittis,0.041667,gravida,0.020833,pretium,0.020833,fermentum,0.020833,aliquet,0.020833,ullamcorper,0.020833,.,0.020833,ornare,0.020833,nibh,0.020833,eget,0.020833,malesuada,0.020833,eros,0.020833,laoreet,0.020833,mollis,0.041667,venenatis,0.020833,nisl,0.020833,sapien,0.020833,pharetra,0.020833,blandit,0.020833,facilisis,0.020833,auctor,0.020833,turpis,0.020833,viverra,0.020833,finibus,0.020833,feugiat,0.020833,orci,0.020833,nunc,0.041667,luctus,0.020833,convallis,0.041667,tempus,0.020833,tempor,0.020833,leo,0.020833,at,0.020833,felis,0.020833,consectetur,0.020833,fringilla,0.020833
hendrerit,.,0.421053,est,0.052632,lorem,0.105263,viverra,0.052632,ante,0.052632,dictum,0.052632,ac,0.052632,condimentum,0.052632,sagittis,0.052632,lacus,0.052632,fermentum,0.052632
donec,vehicula,0.027027,dui,0.027027,laoreet,0.027027,egestas,0.027027,bibendum,0.027027,tellus,0.027027,pulvinar,0.054054,eu,0.054054,posuere,0.027027,ex,0.027027,elit,0.027027,volutpat,0.027027,magna,0.027027,non,0.027027,risus,0.027027,ut,0.027027,sodales,0.027027,congue,0.027027,justo,0.027027,finibus,0.027027,molestie,0.027027,maximus,0.027027,ultricies,0.027027,id,0.027027,nisi,0.027027,tincidunt,0.027027,vitae,0.054054,faucibus,0.027027,convallis,0.027027,eget,0.027027,porta,0.027027,cursus,0.027027,condimentum,0.027027,at,0.027027
vehicula,mauris,0.071429,nec,0.071429,.,0.071429,orci,0.071429,risus,0.071429,nisi,0.071429,vestibulum,0.071429,leo,0.071429,ultricies,0.071429,tempus,0.071429,nulla,0.071429,interdum,0.071429,malesuada,0.071429,lacus,0.071429
eu,blandit,0.018868,pharetra,0.037736,elit,0.018868,tincidunt,0.018868,sem,0.037736,turpis,0.018868,dignissim,0.018868,sollicitudin,0.037736,massa,0.037736,posuere,0.018868,porttitor,0.018868,vestibulum,0.018868,vulputate,0.018868,fringilla,0.018868,nisl,0.037736,tempor,0.018868,odio,0.018868,consequat,0.018868,magna,0.037736,scelerisque,0.018868,.,0.056604,nunc,0.018868,commodo,0.018868,diam,0.018868,tempus,0.018868,quam,0.018868,condimentum,0.018868,velit,0.018868,lectus,0.037736,ultricies,0.037736,lacinia,0.018868,bibendum,0.018868,leo,0.018868,eget,0.018868,eleifend,0.018868,erat,0.018868,congue,0.018868,dictum,0.037736,semper,0.018868,metus,0.018868,sapien,0.018868,urna,0.018868
blandit,iaculis,0.052632,sem,0.052632,mi,0.052632,nec,0.105263,leo,0.052632,sapien,0.052632,orci,0.052632,dapibus,0.052632,ac,0.052632,id,0.052632,augue,0.052632,dui,0.052632,.,0.105263,imperdiet,0.052632,velit,0.052632,fringilla,0.052632,metus,0.052632
arcu,tortor,0.058824,imperdiet,0.058824,.,0.294118,turpis,0.058824,ut,0.117647,erat,0.058824,consectetur,0.058824,et,0.117647,blandit,0.058824,id,0.058824,quis,0.058824
semper,urna,0.043478,massa,0.086957,eleifend,0.043478,lectus,0.043478,ac,0.043478,laoreet,0.043478,tempor,0.043478,.,0.217391,magna,0.043478,ultricies,0.043478,risus,0.086957,metus,0.043478,est,0.086957,bibendum,0.043478,mauris,0.043478,lacinia,0.043478
urna,id,0.034483,ultrices,0.068966,dui,0.034483,pellentesque,0.034483,in,0.034483,blandit,0.034483,.,0.275862,vitae,0.034483,non,0.034483,odio,0.034483,at,0.034483,mattis,0.034483,risus,0.034483,ac,0.034483,egestas,0.034483,eget,0.034483,eleifend,0.034483,mollis,0.034483,eu,0.034483,a,0.034483,aliquet,0.034483
dapibus,quam,0.086957,.,0.130435,enim,0.043478,finibus,0.043478,lacinia,0.043478,dui,0.043478,arcu,0.043478,erat,0.086957,interdum,0.043478,et,0.043478,fermentum,0.043478,tempus,0.043478,a,0.043478,elementum,0.043478,in,0.043478,pretium,0.043478,augue,0.043478,ex,0.043478,ac,0.043478
quam,felis,0.027778,non,0.027778,ornare,0.083333,auctor,0.027778,bibendum,0.027778,quis,0.055556,ullamcorper,0.027778,turpis,0.027778,fringilla,0.027778,ultricies,0.027778,eleifend,0.027778,id,0.055556,a,0.027778,.,0.083333,tempor,0.027778,vehicula,0.027778,ligula,0.027778,eros,0.027778,iaculis,0.055556,rutrum,0.027778,molestie,0.027778,velit,0.027778,nec,0.027778,viverra,0.027778,egestas,0.027778,ac,0.027778,sed,0.027778,condimentum,0.027778,in,0.027778
lectus,.,0.241379,rutrum,0.034483,et,0.068966,aliquet,0.034483,id,0.034483,dui,0.068966,sit,0.034483,sodales,0.034483,aliquam,0.068966,non,0.068966,sed,0.034483,purus,0.034483,eu,0.034483,feugiat,0.034483,diam,0.034483,fringilla,0.034483,porttitor,0.034483,dignissim,0.034483,pellentesque,0.034483
duis,eu,0.117647,porttitor,0.058824,vitae,0.058824,suscipit,0.058824,velit,0.058824,malesuada,0.058824,interdum,0.058824,at,0.058824,euismod,0.058824,urna,0.058824,id,0.058824,consectetur,0.058824,feugiat,0.058824,mollis,0.058824,vel,0.058824,sagittis,0.058824
pharetra,velit,0.045455,commodo,0.045455,cursus,0.045455,turpis,0.045455,dui,0.045455,massa,0.045455,purus,0.045455,finibus,0.045455,.,0.090909,nisl,0.045455,venenatis,0.045455,bibendum,0.045455,diam,0.045455,sollicitudin,0.045455,leo,0.090909,maximus,0.045455,tortor,0.090909,faucibus,0.045455,magna,0.045455
velit,dictum,0.043478,sit,0.086957,.,0.086957,vitae,0.043478,mauris,0.043478,eu,0.086957,eleifend,0.043478,posuere,0.043478,magna,0.043478,at,0.043478,rutrum,0.043478,ultrices,0.043478,hendrerit,0.043478,non,0.043478,tincidunt,0.043478,ac,0.043478,placerat,0.043478,nulla,0.043478,dolor,0.043478,quis,0.043478
dictum,laoreet,0.037037,nec,0.037037,vitae,0.037037,bibendum,0.074074,consectetur,0.037037,.,0.185185,id,0.037037,dolor,0.074074,mauris,0.037037,et,0.037037,malesuada,0.037037,sapien,0.037037,quis,0.037037,ut,0.037037,vulputate,0.037037,a,0.037037,justo,0.037037,rutrum,0.037037,elit,0.037037,risus,0.037037,orci,0.037037
laoreet,odio,0.037037,mauris,0.037037,mi,0.037037,sollicitudin,0.037037,urna,0.037037,at,0.037037,tellus,0.037037,libero,0.037037,.,0.185185,id,0.037037,quam,0.037037,interdum,0.037037,risus,0.037037,scelerisque,0.037037,dictum,0.037037,vel,0.037037,tincidunt,0.037037,venenatis,0.037037,sed,0.037037,quis,0.037037,eros,0.037037,ex,0.037037,ut,0.037037
odio,.,0.322581,at,0.064516,ut,0.032258,quis,0.096774,sapien,0.032258,a,0.032258,sed,0.032258,porta,0.064516,vitae,0.032258,vel,0.032258,venenatis,0.032258,in,0.032258,interdum,0.032258,urna,0.032258,blandit,0.032258,eget,0.032258,massa,0.032258,suscipit,0.032258
porttitor,orci,0.058824,mattis,0.058824,et,0.117647,dui,0.058824,vestibulum,0.058824,id,0.058824,porta,0.058824,odio,0.058824,.,0.176471,quis,0.058824,felis,0.058824,nibh,0.058824,eros,0.058824,dolor,0.058824
ante,congue,0.037037,vulputate,0.037037,volutpat,0.037037,a,0.037037,eu,0.037037,sem,0.037037,.,0.185185,venenatis,0.037037,vel,0.074074,consequat,0.037037,sed,0.037037,nibh,0.037037,id,0.037037,ipsum,0.111111,ac,0.037037,diam,0.037037,ut,0.037037,ullamcorper,0.037037,facilisis,0.037037,finibus,0.037037
molestie,condimentum,0.041667,tortor,0.041667,eros,0.041667,auctor,0.041667,leo,0.041667,mi,0.041667,.,0.208333,urna,0.041667,non,0.041667,pretium,0.041667,aliquet,0.041667,vitae,0.041667,orci,0.083333,ut,0.041667,imperdiet,0.041667,tristique,0.041667,lobortis,0.041667,purus,0.041667,iaculis,0.041667
a,dapibus,0.019231,sagittis,0.038462,felis,0.057692,mollis,0.019231,risus,0.019231,vulputate,0.019231,finibus,0.019231,massa,0.019231,auctor,0.019231,sem,0.019231,aliquam,0.019231,efficitur,0.019231,rhoncus,0.019231,gravida,0.019231,metus,0.019231,.,0.076923,consequat,0.038462,augue,0.019231,consectetur,0.019231,tempus,0.038462,ligula,0.019231,luctus,0.019231,nibh,0.038462,nec,0.019231,lectus,0.019231,diam,0.038462,leo,0.019231,tellus,0.019231,bibendum,0.019231,accumsan,0.019231,est,0.019231,dolor,0.019231,feugiat,0.019231,iaculis,0.019231,at,0.019231,dictum,0.019231,congue,0.019231,pulvinar,0.019231,nulla,0.019231,tempor,0.019231,libero,0.019231,pretium,0.019231
auctor,condimentum,0.045455,.,0.136364,eros,0.090909,augue,0.045455,porta,0.045455,turpis,0.045455,lorem,0.045455,in,0.045455,ipsum,0.090909,massa,0.045455,dolor,0.045455,nisi,0.045455,consectetur,0.045455,libero,0.045455,at,0.045455,mi,0.045455,et,0.045455,ligula,0.045455
eros,.,0.433333,sit,0.033333,ultricies,0.033333,vel,0.066667,nec,0.033333,hendrerit,0.033333,nunc,0.033333,quis,0.033333,id,0.033333,ipsum,0.033333,in,0.033333,molestie,0.033333,accumsan,0.033333,eu,0.033333,ac,0.033333,laoreet,0.033333,feugiat,0.033333
cras,dignissim,0.062500,tellus,0.062500,nisl,0.062500,ipsum,0.062500,varius,0.125000,vel,0.062500,in,0.062500,gravida,0.062500,dictum,0.062500,ut,0.062500,vulputate,0.062500,quam,0.062500,ornare,0.062500,lobortis,0.062500,faucibus,0.062500
dignissim,ultrices,0.045455,condimentum,0.045455,.,0.181818,nisi,0.045455,odio,0.045455,nunc,0.045455,fermentum,0.045455,mollis,0.045455,dolor,0.045455,lacus,0.045455,tellus,0.045455,et,0.045455,nibh,0.045455,rutrum,0.045455,pellentesque,0.045455,iaculis,0.045455,orci,0.045455,id,0.045455,imperdiet,0.045455
mi,.,0.294118,vel,0.058824,ut,0.058824,eget,0.117647,in,0.058824,ipsum,0.058824,dui,0.058824,quis,0.058824,malesuada,0.058824,nec,0.058824,eleifend,0.058824,sit,0.058824
dui,ante,0.030303,.,0.333333,rutrum,0.030303,facilisis,0.030303,vel,0.030303,tempus,0.030303,dolor,0.030303,molestie,0.030303,vitae,0.030303,bibendum,0.030303,tempor,0.030303,finibus,0.030303,consectetur,0.060606,non,0.090909,id,0.030303,ac,0.030303,at,0.030303,sodales,0.030303,feugiat,0.030303,a,0.030303
imperdiet,vitae,0.050000,.,0.200000,finibus,0.050000,interdum,0.050000,laoreet,0.050000,sit,0.050000,dolor,0.050000,magna,0.150000,auctor,0.050000,sem,0.050000,tincidunt,0.050000,leo,0.050000,blandit,0.050000,urna,0.050000,suscipit,0.050000
nisl,.,0.148148,elementum,0.037037,sem,0.037037,quis,0.074074,consectetur,0.037037,at,0.037037,posuere,0.037037,a,0.037037,vitae,0.037037,lacinia,0.037037,scelerisque,0.037037,facilisis,0.037037,ut,0.074074,in,0.037037,eu,0.037037,sagittis,0.037037,mauris,0.037037,eget,0.037037,sed,0.037037,sit,0.037037,iaculis,0.037037,consequat,0.037037
morbi,tincidunt,0.040000,venenatis,0.040000,ornare,0.040000,tristique,0.120000,enim,0.040000,laoreet,0.040000,lobortis,0.040000,facilisis,0.040000,quis,0.080000,volutpat,0.040000,fringilla,0.040000,gravida,0.040000,nec,0.040000,varius,0.040000,porta,0.040000,vitae,0.040000,aliquet,0.040000,malesuada,0.040000,magna,0.040000,a,0.040000,mattis,0.040000,sagittis,0.040000
phasellus,tempor,0.047619,mollis,0.047619,malesuada,0.047619,tristique,0.047619,porttitor,0.047619,porta,0.047619,non,0.047619,accumsan,0.047619,vitae,0.047619,imperdiet,0.047619,nec,0.047619,id,0.047619,sagittis,0.047619,gravida,0.047619,auctor,0.047619,hendrerit,0.047619,aliquet,0.047619,dignissim,0.047619,pellentesque,0.047619,semper,0.047619,et,0.047619
ipsum,pulvinar,0.038462,eu,0.038462,non,0.076923,purus,0.038462,ac,0.038462,vitae,0.076923,quam,0.038462,nec,0.038462,lobortis,0.038462,.,0.153846,primis,0.115385,id,0.038462,dignissim,0.038462,dolor,0.076923,dui,0.038462,tortor,0.038462,euismod,0.038462,sed,0.038462
pulvinar,at,0.045455,bibendum,0.045455,.,0.227273,mauris,0.045455,porta,0.045455,eros,0.045455,pellentesque,0.045455,enim,0.045455,congue,0.045455,sed,0.045455,justo,0.045455,venenatis,0.045455,mi,0.045455,orci,0.045455,nunc,0.045455,quam,0.045455,libero,0.045455,velit,0.045455
fusce,egestas,0.038462,enim,0.038462,ac,0.038462,luctus,0.038462,tempor,0.038462,vulputate,0.038462,tristique,0.038462,elementum,0.038462,rutrum,0.038462,quis,0.076923,vel,0.038462,facilisis,0.038462,non,0.038462,vestibulum,0.038462,tincidunt,0.038462,tortor,0.038462,fermentum,0.038462,mollis,0.038462,pulvinar,0.038462,scelerisque,0.038462,commodo,0.038462,turpis,0.038462,pretium,0.038462,interdum,0.038462,sit,0.038462
egestas,tortor,0.043478,.,0.217391,ipsum,0.086957,ultrices,0.043478,ultricies,0.043478,porta,0.043478,pulvinar,0.086957,eu,0.043478,vulputate,0.043478,id,0.043478,mi,0.043478,dui,0.043478,lectus,0.043478,luctus,0.043478,et,0.043478,blandit,0.043478,elementum,0.043478
sem,ultricies,0.038462,tincidunt,0.038462,non,0.038462,ornare,0.038462,nec,0.076923,.,0.115385,sodales,0.038462,ac,0.038462,mattis,0.038462,justo,0.038462,fringilla,0.038462,sed,0.038462,feugiat,0.038462,quis,0.038462,id,0.076923,nisi,0.038462,tortor,0.038462,ullamcorper,0.038462,mauris,0.038462,suscipit,0.038462,vel,0.038462,arcu,0.038462
ultricies,in,0.066667,vitae,0.066667,.,0.200000,interdum,0.033333,finibus,0.033333,ultricies,0.033333,elit,0.033333,congue,0.033333,metus,0.033333,sagittis,0.033333,commodo,0.033333,iaculis,0.033333,nisi,0.033333,pellentesque,0.033333,posuere,0.033333,eu,0.033333,viverra,0.033333,mollis,0.033333,dictum,0.033333,eros,0.033333,risus,0.033333,lectus,0.033333,odio,0.033333
posuere,magna,0.043478,lectus,0.043478,fringilla,0.043478,dolor,0.043478,orci,0.043478,vulputate,0.043478,egestas,0.043478,odio,0.043478,justo,0.043478,enim,0.043478,sem,0.043478,sollicitudin,0.086957,.,0.043478,at,0.043478,cubilia,0.086957,massa,0.043478,ipsum,0.043478,nunc,0.086957,eros,0.043478,tortor,0.043478
volutpat,.,0.352941,sodales,0.058824,in,0.058824,purus,0.058824,aliquet,0.058824,eu,0.058824,ex,0.058824,imperdiet,0.058824,laoreet,0.058824,sem,0.058824,libero,0.058824,risus,0.058824
etiam,in,0.071429,lobortis,0.071429,pulvinar,0.071429,aliquam,0.071429,dictum,0.071429,eu,0.071429,rutrum,0.071429,non,0.071429,tempor,0.071429,vel,0.071429,sed,0.071429,pellentesque,0.071429,quis,0.071429,molestie,0.071429
nullam,sodales,0.041667,vitae,0.041667,vulputate,0.083333,at,0.041667,consequat,0.083333,feugiat,0.041667,sagittis,0.041667,sollicitudin,0.041667,ac,0.041667,a,0.125000,eget,0.041667,felis,0.083333,volutpat,0.041667,finibus,0.041667,consectetur,0.041667,non,0.041667,et,0.041667,nec,0.041667,enim,0.041667
nisi,et,0.038462,ut,0.038462,tristique,0.038462,.,0.115385,semper,0.038462,eget,0.115385,orci,0.038462,ante,0.038462,non,0.076923,eros,0.038462,ac,0.038462,pharetra,0.038462,at,0.038462,massa,0.038462,ultrices,0.038462,sollicitudin,0.038462,consequat,0.038462,auctor,0.038462,venenatis,0.038462,eu,0.038462,mi,0.038462
rutrum,dictum,0.033333,a,0.033333,quam,0.033333,quis,0.033333,.,0.133333,consectetur,0.033333,elit,0.033333,dolor,0.066667,risus,0.033333,neque,0.033333,in,0.033333,ultricies,0.033333,mi,0.033333,nisl,0.033333,posuere,0.033333,convallis,0.033333,hendrerit,0.033333,augue,0.066667,lacinia,0.033333,ut,0.033333,fringilla,0.033333,ex,0.033333,odio,0.033333,nec,0.033333,tortor,0.033333
lobortis,ligula,0.052632,risus,0.052632,ante,0.052632,ullamcorper,0.052632,libero,0.105263,vitae,0.052632,rhoncus,0.052632,enim,0.105263,orci,0.052632,ipsum,0.052632,dignissim,0.052632,semper,0.052632,elit,0.052632,lectus,0.052632,a,0.052632,dapibus,0.052632,vel,0.052632
ligula,in,0.055556,convallis,0.055556,ut,0.111111,nisi,0.055556,.,0.111111,volutpat,0.055556,a,0.055556,pellentesque,0.055556,cursus,0.055556,malesuada,0.055556,purus,0.055556,rutrum,0.055556,ac,0.055556,vitae,0.055556,augue,0.055556,tempus,0.055556
metus,risus,0.055556,.,0.444444,leo,0.027778,sapien,0.055556,in,0.055556,eu,0.027778,at,0.027778,consectetur,0.027778,dictum,0.027778,ac,0.027778,ullamcorper,0.027778,id,0.027778,tristique,0.055556,finibus,0.027778,gravida,0.027778,dapibus,0.027778,congue,0.027778
ex,.,0.217391,fermentum,0.043478,ac,0.043478,libero,0.043478,felis,0.086957,sit,0.086957,diam,0.043478,purus,0.043478,imperdiet,0.043478,et,0.086957,non,0.043478,risus,0.043478,sed,0.043478,pretium,0.043478,est,0.043478,dignissim,0.043478
justo,non,0.076923,et,0.038462,sapien,0.038462,vehicula,0.038462,.,0.230769,tincidunt,0.038462,venenatis,0.038462,id,0.076923,lacinia,0.038462,fringilla,0.038462,nec,0.038462,nibh,0.038462,eget,0.038462,nisl,0.038462,sed,0.038462,ac,0.038462,iaculis,0.038462,malesuada,0.038462,euismod,0.038462
quisque,porta,0.095238,dapibus,0.095238,a,0.047619,facilisis,0.047619,et,0.047619,ullamcorper,0.047619,eu,0.047619,vel,0.047619,sit,0.047619,bibendum,0.047619,imperdiet,0.047619,tempor,0.047619,ut,0.047619,nec,0.095238,ultrices,0.047619,vitae,0.095238,erat,0.047619
sagittis,nulla,0.037037,hendrerit,0.037037,posuere,0.037037,tellus,0.037037,diam,0.074074,congue,0.037037,bibendum,0.037037,justo,0.074074,nisi,0.037037,suscipit,0.037037,non,0.037037,nunc,0.037037,elit,0.037037,molestie,0.037037,.,0.074074,enim,0.037037,dolor,0.037037,vel,0.037037,sapien,0.037037,sem,0.037037,velit,0.037037,porttitor,0.037037,elementum,0.037037,condimentum,0.037037
consectetur,.,0.148148,sapien,0.037037,fermentum,0.037037,felis,0.037037,vitae,0.037037,id,0.037037,feugiat,0.037037,vel,0.037037,purus,0.037037,nunc,0.037037,eros,0.037037,eget,0.037037,pharetra,0.037037,ac,0.037037,adipiscing,0.074074,fringilla,0.037037,lorem,0.037037,justo,0.037037,leo,0.037037,et,0.037037,sem,0.037037,enim,0.037037,mattis,0.037037
nam,congue,0.055556,pretium,0.055556,porta,0.055556,convallis,0.055556,nunc,0.055556,at,0.111111,viverra,0.055556,vitae,0.111111,egestas,0.055556,eu,0.111111,odio,0.055556,est,0.055556,rutrum,0.055556,sed,0.055556,vel,0.055556
eleifend,enim,0.058824,quam,0.058824,augue,0.058824,nulla,0.117647,.,0.235294,tristique,0.058824,dolor,0.058824,porta,0.058824,at,0.058824,lobortis,0.117647,dui,0.058824,non,0.058824
euismod,accumsan,0.076923,condimentum,0.076923,vitae,0.076923,congue,0.076923,est,0.076923,fringilla,0.076923,.,0.076923,leo,0.076923,finibus,0.076923,quam,0.076923,nunc,0.076923,interdum,0.076923,id,0.076923
accumsan,orci,0.083333,felis,0.083333,libero,0.083333,enim,0.083333,quis,0.083333,.,0.166667,in,0.083333,rhoncus,0.083333,tortor,0.083333,nibh,0.083333,vestibulum,0.083333
curabitur,semper,0.050000,urna,0.050000,tempus,0.050000,a,0.050000,purus,0.050000,fringilla,0.050000,porta,0.050000,elementum,0.050000,laoreet,0.050000,scelerisque,0.050000,id,0.050000,quis,0.050000,at,0.050000,eget,0.050000,pharetra,0.050000,dapibus,0.050000,iaculis,0.050000,fermentum,0.050000,vitae,0.050000,non,0.050000
ornare,porttitor,0.055556,odio,0.055556,quam,0.055556,nibh,0.055556,ac,0.055556,mattis,0.055556,sit,0.055556,nisl,0.055556,venenatis,0.055556,dui,0.055556,malesuada,0.055556,.,0.166667,non,0.055556,fermentum,0.055556,pharetra,0.055556,nunc,0.055556
nibh,quam,0.083333,vitae,0.083333,.,0.111111,ut,0.111111,hendrerit,0.027778,eu,0.055556,rutrum,0.027778,nibh,0.027778,condimentum,0.027778,auctor,0.027778,lacus,0.027778,ac,0.055556,accumsan,0.027778,consequat,0.027778,ante,0.027778,rhoncus,0.027778,at,0.027778,diam,0.027778,libero,0.027778,massa,0.027778,bibendum,0.027778,aliquam,0.027778,in,0.027778,sapien,0.027778
mollis,non,0.045455,pellentesque,0.045455,tempor,0.045455,arcu,0.045455,.,0.136364,dignissim,0.045455,lorem,0.045455,vel,0.045455,maximus,0.045455,in,0.045455,elit,0.045455,lectus,0.045455,rutrum,0.090909,turpis,0.045455,leo,0.045455,diam,0.045455,nec,0.045455,tempus,0.045455,risus,0.045455
nunc,quis,0.021739,id,0.065217,vulputate,0.021739,eu,0.021739,.,0.152174,in,0.021739,dui,0.043478,massa,0.021739,risus,0.021739,non,0.043478,egestas,0.021739,ut,0.021739,nec,0.021739,tortor,0.043478,ultrices,0.021739,fermentum,0.021739,scelerisque,0.021739,sit,0.043478,nibh,0.021739,ullamcorper,0.021739,felis,0.021739,lacus,0.021739,ultricies,0.043478,purus,0.021739,commodo,0.021739,sed,0.021739,ornare,0.021739,condimentum,0.021739,a,0.021739,eget,0.043478,vel,0.021739,vestibulum,0.021739
proin,hendrerit,0.062500,pulvinar,0.062500,luctus,0.062500,tincidunt,0.062500,sollicitudin,0.062500,pharetra,0.062500,in,0.125000,et,0.062500,pretium,0.062500,sagittis,0.125000,nec,0.125000,blandit,0.062500,vulputate,0.062500
interdum,.,0.136364,hendrerit,0.045455,quam,0.045455,magna,0.045455,ex,0.045455,nunc,0.045455,lectus,0.045455,ante,0.045455,volutpat,0.045455,tincidunt,0.045455,et,0.045455,nisi,0.045455,nibh,0.045455,ornare,0.045455,orci,0.045455,ut,0.045455,non,0.045455,facilisis,0.045455,at,0.045455,porttitor,0.045455
praesent,accumsan,0.055556,pharetra,0.055556,semper,0.055556,ex,0.055556,vel,0.055556,quam,0.055556,euismod,0.055556,ultricies,0.055556,porttitor,0.055556,justo,0.055556,mattis,0.055556,ullamcorper,0.055556,leo,0.055556,ac,0.055556,tincidunt,0.055556,porta,0.055556,non,0.055556,pellentesque,0.055556
varius,.,0.100000,felis,0.050000,dapibus,0.050000,nulla,0.050000,facilisis,0.050000,ut,0.050000,lacus,0.050000,nisi,0.050000,blandit,0.050000,leo,0.050000,velit,0.050000,tristique,0.050000,tortor,0.050000,eget,0.050000,natoque,0.050000,purus,0.050000,metus,0.050000,dui,0.050000,urna,0.050000
aliquet,at,0.071429,.,0.071429,dui,0.071429,metus,0.071429,urna,0.071429,eleifend,0.071429,posuere,0.071429,in,0.071429,gravida,0.071429,rhoncus,0.071429,mollis,0.071429,magna,0.071429,eros,0.071429,quis,0.071429
habitant,morbi,1
senectus,et,1
netus,et,1
fames,ac,1
tellus,enim,0.038462,id,0.076923,.,0.192308,justo,0.038462,pretium,0.038462,dolor,0.038462,ultrices,0.038462,suscipit,0.038462,varius,0.038462,ligula,0.038462,vel,0.076923,et,0.038462,tincidunt,0.038462,ac,0.038462,scelerisque,0.038462,ut,0.076923,interdum,0.038462,blandit,0.038462,eu,0.038462
luctus,vel,0.055556,quam,0.055556,urna,0.055556,sem,0.055556,suscipit,0.055556,placerat,0.055556,.,0.222222,cursus,0.055556,a,0.111111,consectetur,0.055556,et,0.111111,mauris,0.055556,nibh,0.055556
vel,urna,0.041667,consequat,0.020833,ultrices,0.020833,tempus,0.020833,.,0.062500,posuere,0.020833,sollicitudin,0.020833,nisl,0.041667,ornare,0.041667,porta,0.020833,congue,0.020833,egestas,0.020833,maximus,0.041667,aliquam,0.041667,odio,0.041667,tincidunt,0.020833,efficitur,0.020833,semper,0.020833,dolor,0.020833,ullamcorper,0.020833,auctor,0.020833,pellentesque,0.020833,sagittis,0.020833,nunc,0.041667,faucibus,0.041667,aliquet,0.020833,fermentum,0.020833,ac,0.020833,cursus,0.020833,convallis,0.020833,molestie,0.020833,rutrum,0.020833,magna,0.020833,commodo,0.020833,laoreet,0.020833,varius,0.020833,pretium,0.020833,tempor,0.020833
maecenas,sit,0.083333,euismod,0.083333,laoreet,0.083333,dignissim,0.083333,lacinia,0.083333,congue,0.083333,feugiat,0.083333,fermentum,0.083333,magna,0.083333,eu,0.083333,consectetur,0.083333,finibus,0.083333
pretium,sagittis,0.041667,.,0.166667,ut,0.083333,non,0.041667,ultrices,0.041667,lorem,0.041667,quam,0.083333,et,0.041667,porta,0.041667,fermentum,0.041667,dui,0.041667,ac,0.041667,risus,0.041667,fringilla,0.041667,ex,0.083333,massa,0.041667,id,0.041667,dictum,0.041667
suscipit,venenatis,0.071429,lectus,0.071429,eget,0.071429,neque,0.071429,arcu,0.071429,elit,0.071429,nec,0.071429,.,0.071429,sapien,0.142857,scelerisque,0.071429,dapibus,0.071429,blandit,0.071429,velit,0.071429
elementum,nec,0.100000,maximus,0.050000,nisi,0.050000,ipsum,0.050000,bibendum,0.050000,erat,0.050000,purus,0.050000,metus,0.050000,dictum,0.050000,.,0.100000,eros,0.050000,porta,0.050000,neque,0.050000,dignissim,0.050000,nunc,0.050000,nibh,0.050000,velit,0.050000,pellentesque,0.050000
aenean,ac,0.058824,semper,0.058824,vulputate,0.058824,euismod,0.058824,vel,0.117647,laoreet,0.058824,dictum,0.058824,consequat,0.058824,libero,0.058824,nibh,0.117647,quis,0.058824,a,0.058824,dignissim,0.058824,ultrices,0.058824,id,0.058824
placerat,non,0.200000,odio,0.100000,lectus,0.100000,arcu,0.100000,augue,0.100000,pulvinar,0.100000,nec,0.100000,quam,0.100000,malesuada,0.100000
facilisis,at,0.100000,nisi,0.050000,eget,0.050000,ultrices,0.050000,dolor,0.050000,magna,0.050000,tellus,0.050000,id,0.050000,.,0.100000,ante,0.050000,pretium,0.050000,quam,0.050000,libero,0.050000,lacinia,0.050000,nec,0.050000,sem,0.050000,nisl,0.050000,lectus,0.050000
commodo,rutrum,0.066667,vitae,0.066667,libero,0.066667,purus,0.066667,consequat,0.066667,.,0.133333,sed,0.066667,metus,0.066667,leo,0.066667,mollis,0.066667,velit,0.066667,sagittis,0.066667,maximus,0.066667,magna,0.066667
lorem,venenatis,0.041667,blandit,0.041667,.,0.250000,ornare,0.041667,at,0.125000,in,0.041667,tellus,0.041667,luctus,0.041667,sollicitudin,0.041667,id,0.041667,a,0.041667,ipsum,0.083333,feugiat,0.041667,ultricies,0.041667,vel,0.041667,urna,0.041667
purus,malesuada,0.035714,a,0.035714,justo,0.035714,.,0.142857,augue,0.035714,quis,0.071429,vel,0.035714,non,0.071429,semper,0.035714,congue,0.035714,et,0.071429,diam,0.035714,metus,0.035714,sed,0.071429,lorem,0.035714,nec,0.035714,tellus,0.035714,efficitur,0.035714,sit,0.071429,pharetra,0.035714
scelerisque,in,0.043478,nibh,0.043478,vitae,0.086957,feugiat,0.043478,eros,0.043478,augue,0.043478,purus,0.043478,justo,0.043478,orci,0.043478,hendrerit,0.043478,lorem,0.043478,neque,0.043478,rutrum,0.043478,quam,0.043478,massa,0.043478,tortor,0.086957,.,0.086957,iaculis,0.043478,risus,0.043478,sollicitudin,0.043478
class,aptent,1
aptent,taciti,1
taciti,sociosqu,1
sociosqu,ad,1
ad,litora,1
litora,torquent,1
torquent,per,1
per,conubia,0.500000,inceptos,0.500000
conubia,nostra,1
nostra,per,1
inceptos,himenaeos,1
himenaeos,.,1
efficitur,id,0.062500,magna,0.062500,nec,0.062500,ultricies,0.062500,molestie,0.062500,iaculis,0.062500,.,0.062500,vulputate,0.062500,egestas,0.062500,metus,0.062500,hendrerit,0.062500,dui,0.062500,quam,0.062500,ac,0.062500,elementum,0.062500,scelerisque,0.062500
facilisi,.,1
potenti,.,1
primis,in,1
cubilia,curae,1
curae,praesent,0.500000,vivamus,0.500000
hac,habitasse,1
habitasse,platea,1
platea,dictumst,1
dictumst,.,1
adipiscing,elit,1
natoque,penatibus,1
penatibus,et,1
magnis,dis,1
dis,parturient,1
parturient,montes,1
montes,nascetur,1
nascetur,ridiculus,1
ridiculus,mus,1
mus,.,1
